raul, raul.andrade@hotmail.com
joao, joao.silva@gmail.com
renan, renan.souza@outlook.com
Maria, Maria.carvalho@gmail.com
Maria, Maria.souza@hotmail.com
Ananias, Ananias.juliano@gmail.com
Jose, jose.soares@hotmail.com
